v006,v007,v008,v021,v022,v023,v024,v025,v026,b0,b1,b2,b3,b4,b5,b6,b7,b8,b9,shdist,br_sample_weights,iron90,ideliv,tt,anc12,anc42,iptp,sba2,csection2,ebreast2,pnchome,pncwm,vita,itnch,dptv,measlesv,ors,ort,carep,abari,act,antimal_48,zinc,antibiotics,hhid,wmid,brid
7,2010,1327,1,12,2,2,2,3,0,8,2009,1316,2,1,,,0,0,208,1.902867,0,1,1,1,1,1,1,0,1,1,1,1,1,,,,,,,,,,,101,10102,1010201
7,2010,1327,1,12,2,2,2,3,0,12,2008,1308,2,1,,,1,0,208,1.902867,1,1,0,1,1,1,1,0,1,1,1,1,0,1,1,0,0,,,,,0,,103,10302,1030201
7,2010,1327,1,12,2,2,2,3,0,3,2005,1263,2,1,,,5,0,208,1.902867,,,,,,,,,,,,,,,,,,,,,,,,103,10302,1030202
7,2010,1327,1,12,2,2,2,3,0,8,2005,1268,1,1,,,4,0,208,1.902867,,,,,,,,,,,,1,1,,,,,,,0,1,,,105,10502,1050201
7,2010,1327,1,12,2,2,2,3,0,11,2009,1319,1,1,,,0,0,208,1.902867,0,1,0,1,0,0,1,0,1,1,1,1,1,,,,,1,0,1,1,,,109,10902,1090201
7,2010,1327,1,12,2,2,2,3,0,2,2005,1262,1,1,,,5,0,208,1.902867,,,,,,,,,,,,,,,,,,,,,,,,109,10902,1090202
7,2010,1327,2,2,3,3,2,3,0,1,2009,1309,2,1,,,1,0,312,0.49655601,1,1,1,1,1,1,1,0,1,1,1,1,0,1,1,,,,,0,0,,,201,20102,2010201
7,2010,1327,2,2,3,3,2,3,0,9,2005,1269,2,1,,,4,0,312,0.49655601,,,,,,,,,,,,1,0,,,,,,,,,,,201,20102,2010202
7,2010,1327,2,2,3,3,2,3,0,2,2009,1310,1,1,,,1,0,312,0.49655601,0,1,1,1,0,1,1,0,1,1,1,1,1,1,0,,,,,0,0,,,204,20402,2040201
7,2010,1327,2,2,3,3,2,3,0,1,2005,1261,2,1,,,5,0,312,0.49655601,,,,,,,,,,,,,,,,,,,,,,,,204,20402,2040202
7,2010,1327,2,2,3,3,2,3,0,7,2010,1327,1,1,,,0,0,312,0.49655601,0,1,0,1,0,0,1,0,1,1,1,,1,,,,,,,,,,,205,20502,2050201
7,2010,1327,2,2,3,3,2,3,0,5,2008,1301,1,1,,,2,0,312,0.49655601,,,,,,,,,,,,1,1,,,0,0,,,0,0,0,0,205,20502,2050202
7,2010,1327,2,2,3,3,2,3,0,6,2009,1314,1,1,,,1,0,312,0.49655601,0,1,1,1,0,0,1,0,1,1,1,1,0,1,1,1,0,0,1,0,0,0,,206,20602,2060201
7,2010,1327,2,2,3,3,2,3,0,4,2006,1276,1,0,219,19,,,312,0.49655601,,,,,,,,,,,,,,,,,,,,,,,,206,20602,2060202
7,2010,1327,2,2,3,3,2,3,0,8,2009,1316,1,1,,,0,0,312,0.49655601,0,1,0,1,0,1,1,0,1,1,1,1,1,,,0,0,,,,,0,,208,20802,2080201
7,2010,1327,2,2,3,3,2,3,0,8,2007,1292,1,1,,,2,0,312,0.49655601,,,,,,,,,,,,1,1,,,0,0,,,,,0,,208,20802,2080202
7,2010,1327,2,2,3,3,2,3,0,7,2009,1315,2,1,,,1,0,312,0.49655601,1,1,1,1,1,1,1,0,1,1,1,1,1,1,1,,,,,,,,,209,20902,2090201
7,2010,1327,2,2,3,3,2,3,0,6,2007,1290,1,1,,,3,0,312,0.49655601,,,,,,,,,,,,1,0,,,,,0,0,,,,,209,20902,2090202
8,2010,1328,3,26,2,2,2,3,0,9,2006,1281,1,1,,,3,4,207,0.39737901,,,,,,,,,,,,0,,,,,,,,,,,,302,30202,3020201
8,2010,1328,3,26,2,2,2,3,0,3,2009,1311,2,1,,,1,0,207,0.39737901,0,1,1,1,0,0,1,0,1,1,1,1,1,1,1,1,1,,,0,0,0,,303,30302,3030201
8,2010,1328,3,26,2,2,2,3,0,1,2006,1273,2,1,,,4,0,207,0.39737901,,,,,,,,,,,,1,1,,,,,,,0,0,,,303,30302,3030202
8,2010,1328,3,26,2,2,2,3,0,6,2009,1314,1,1,,,1,0,207,0.39737901,1,1,1,1,1,1,1,0,1,1,1,1,0,1,1,0,0,,,,,0,,304,30402,3040201
8,2010,1328,3,26,2,2,2,3,0,6,2007,1290,1,1,,,3,0,207,0.39737901,,,,,,,,,,,,1,0,,,,,,,1,1,,,304,30402,3040202
8,2010,1328,3,26,2,2,2,3,0,4,2007,1288,2,1,,,3,0,207,0.39737901,,,,,,,,,,,,1,0,,,,,,,,,,,307,30702,3070201
8,2010,1328,3,26,2,2,2,3,0,4,2008,1300,1,1,,,2,0,207,0.39737901,,,,,,,,,,,,1,1,,,,,,,,,,,308,30802,3080201
8,2010,1328,3,26,2,2,2,3,0,6,2006,1278,2,1,,,4,0,207,0.39737901,,,,,,,,,,,,1,1,,,,,,,1,1,,,308,30802,3080202
8,2010,1328,4,6,3,3,2,3,0,3,2008,1299,1,1,,,2,0,310,0.84003901,,,,,,,,,,,,1,0,,,,,,,,,,,401,40102,4010201
8,2010,1328,4,6,3,3,2,3,0,5,2006,1277,2,1,,,4,0,310,0.84003901,,,,,,,,,,,,1,0,,,,,,,,,,,401,40102,4010202
8,2010,1328,4,6,3,3,2,3,0,4,2009,1312,2,1,,,1,0,310,0.84003901,0,0,0,1,1,0,0,0,1,0,0,1,0,1,1,,,,,,,,,403,40302,4030201
8,2010,1328,4,6,3,3,2,3,0,9,2005,1269,1,1,,,4,0,310,0.84003901,,,,,,,,,,,,1,0,,,,,,,,,,,403,40302,4030202
8,2010,1328,4,6,3,3,2,3,0,12,2009,1320,1,1,,,0,0,310,0.84003901,1,1,1,1,0,1,1,0,1,1,1,1,0,,,,,,,,,,,404,40403,4040301
8,2010,1328,4,6,3,3,2,3,0,3,2007,1287,1,1,,,3,0,310,0.84003901,,,,,,,,,,,,1,0,,,,,,,,,,,404,40403,4040302
8,2010,1328,4,6,3,3,2,3,2,12,2008,1308,2,1,,,1,0,310,0.84003901,0,0,1,1,0,0,0,0,1,0,0,1,0,1,1,,,,,,,,,409,40902,4090201
8,2010,1328,4,6,3,3,2,3,1,12,2008,1308,2,1,,,1,0,310,0.84003901,0,0,,,,,0,0,,,,1,0,1,1,,,,,,,,,409,40902,4090202
8,2010,1328,4,6,3,3,2,3,0,8,2005,1268,2,1,,,5,0,310,0.84003901,,,,,,,,,,,,,,,,,,,,,,,,409,40902,4090203
6,2010,1326,5,36,1,1,2,3,0,6,2008,1302,2,1,,,2,0,103,0.38297099,,,,,,,,,,,,1,0,,,,,1,0,0,1,,,501,501012,50101201
6,2010,1326,5,36,1,1,2,3,0,4,2010,1324,2,1,,,0,0,103,0.38297099,1,1,0,1,0,1,1,0,1,1,1,,1,,,,,,,,,,,502,50202,5020201
6,2010,1326,5,36,1,1,2,3,0,9,2007,1293,1,1,,,2,0,103,0.38297099,,,,,,,,,,,,1,0,,,,,,,,,,,502,50202,5020202
6,2010,1326,5,36,1,1,2,3,0,2,2005,1262,1,1,,,5,0,103,0.38297099,,,,,,,,,,,,,,,,,,,,,,,,502,50202,5020203
6,2010,1326,5,36,1,1,2,3,0,5,2010,1325,1,1,,,0,0,103,0.38297099,0,1,0,1,0,0,1,0,1,1,1,,0,,,,,,,,,,,503,50301,5030101
6,2010,1326,5,36,1,1,2,3,0,12,2008,1308,2,1,,,1,0,103,0.38297099,0,0,1,1,0,0,0,0,1,0,0,1,0,1,1,,,,,,,,,503,50302,5030201
6,2010,1326,5,36,1,1,2,3,0,7,2006,1279,2,1,,,3,0,103,0.38297099,,,,,,,,,,,,1,1,,,,,1,0,0,0,,,504,50402,5040201
6,2010,1326,5,36,1,1,2,3,0,3,2008,1299,2,1,,,2,0,103,0.38297099,,,,,,,,,,,,1,1,,,,,,,0,0,,,508,50802,5080201
6,2010,1326,5,36,1,1,2,3,0,7,2008,1303,2,1,,,1,0,103,0.38297099,1,1,0,1,0,0,1,0,1,1,1,1,0,1,1,,,,,,,,,508,50804,5080401
7,2010,1327,6,54,3,3,2,3,0,12,2008,1308,1,1,,,1,0,303,1.7066,0,1,1,1,0,1,1,0,1,1,1,1,1,1,1,,,,,,,,,605,60501,6050101
7,2010,1327,6,54,3,3,2,3,0,6,2006,1278,2,1,,,4,0,303,1.7066,,,,,,,,,,,,1,1,,,,,,,0,0,,,605,60501,6050102
7,2010,1327,6,54,3,3,2,3,0,4,2008,1300,2,1,,,2,0,303,1.7066,,,,,,,,,,,,1,1,,,,,,,,,,,607,60702,6070201
7,2010,1327,6,54,3,3,2,3,0,7,2005,1267,1,1,,,5,0,303,1.7066,,,,,,,,,,,,,,,,,,,,,,,,607,60702,6070202
7,2010,1327,7,46,3,3,2,3,0,9,2007,1293,2,1,,,2,0,309,0.32615799,,,,,,,,,,,,0,0,,,,,,,,,,,701,70101,7010102
7,2010,1327,7,46,3,3,2,3,0,6,2009,1314,1,0,213,13,,,309,0.32615799,0,0,,,,0,0,0,,0,0,,,,,,,,,,,,,701,70101,7010101
7,2010,1327,7,46,3,3,2,3,0,1,2009,1309,1,1,,,1,0,309,0.32615799,0,1,1,1,0,1,1,0,1,1,1,0,0,1,1,,,,,,,,,704,70402,7040201
7,2010,1327,7,46,3,3,2,3,0,12,2006,1284,1,1,,,3,0,309,0.32615799,,,,,,,,,,,,1,0,,,,,,,,,,,704,70402,7040202
7,2010,1327,7,46,3,3,2,3,0,4,2010,1324,2,1,,,0,0,309,0.32615799,1,1,1,1,0,1,1,0,1,1,1,,0,,,,,0,0,0,0,,,705,70502,7050201
7,2010,1327,7,46,3,3,2,3,0,8,2007,1292,2,1,,,2,0,309,0.32615799,,,,,,,,,,,,1,0,,,,,0,0,,,,,705,70502,7050202
7,2010,1327,7,46,3,3,2,3,0,7,2009,1315,2,1,,,1,0,309,0.32615799,1,0,1,1,1,1,1,0,1,0,0,1,0,1,1,1,1,0,0,,,0,,708,70802,7080201
7,2010,1327,7,46,3,3,2,3,0,3,2007,1287,1,0,205,5,,,309,0.32615799,,,,,,,,,,,,,,,,,,,,,,,,708,70802,7080202
7,2010,1327,7,46,3,3,2,3,0,6,2008,1302,1,1,,,2,0,309,0.32615799,,,,,,,,,,,,0,0,,,1,0,,,0,0,0,0,709,70902,7090201
7,2010,1327,7,46,3,3,2,3,0,12,2005,1272,2,1,,,4,0,309,0.32615799,,,,,,,,,,,,0,0,,,,,,,,,,,709,70902,7090202
7,2010,1327,8,24,3,3,2,3,0,12,2009,1320,2,1,,,0,0,301,1.267838,1,0,1,1,1,1,0,0,1,0,0,1,0,,,,,,,,,,,802,80202,8020201
7,2010,1327,8,24,3,3,2,3,0,3,2006,1275,2,1,,,4,0,301,1.267838,,,,,,,,,,,,1,0,,,1,1,,,,,0,,802,80202,8020202
7,2010,1327,8,24,3,3,2,3,2,2,2009,1310,2,1,,,1,0,301,1.267838,0,1,1,1,1,0,1,0,1,1,1,1,1,1,1,1,1,,,0,0,0,,804,80402,8040201
7,2010,1327,8,24,3,3,2,3,1,2,2009,1310,2,1,,,1,0,301,1.267838,0,1,,,,,1,0,,,,1,1,1,1,,,,,,,,,804,80402,8040202
7,2010,1327,8,24,3,3,2,3,0,7,2005,1267,2,1,,,5,0,301,1.267838,,,,,,,,,,,,,,,,,,,,,,,,804,80402,8040203
7,2010,1327,8,24,3,3,2,3,0,7,2008,1303,2,1,,,2,0,301,1.267838,,,,,,,,,,,,1,0,,,1,0,,,0,1,0,,805,80502,8050201
7,2010,1327,8,24,3,3,2,3,0,11,2005,1271,1,1,,,4,0,301,1.267838,,,,,,,,,,,,1,0,,,,,,,,,,,805,80502,8050202
7,2010,1327,8,24,3,3,2,3,0,10,2008,1306,1,1,,,1,0,301,1.267838,0,0,1,1,0,0,0,0,1,0,0,0,0,1,1,,,,,0,0,,,806,80602,8060201
7,2010,1327,8,24,3,3,2,3,0,9,2006,1281,1,1,,,3,0,301,1.267838,,,,,,,,,,,,1,0,,,,,,,,,,,806,80602,8060202
7,2010,1327,8,24,3,3,2,3,2,11,2008,1307,1,1,,,1,0,301,1.267838,1,1,1,1,0,1,1,0,1,1,1,1,0,1,1,,,,,,,,,807,80703,8070301
7,2010,1327,8,24,3,3,2,3,1,11,2008,1307,1,1,,,1,0,301,1.267838,0,1,,,,,1,0,,,,1,0,1,1,,,,,,,,,807,80703,8070302
7,2010,1327,8,24,3,3,2,3,0,4,2006,1276,1,1,,,4,0,301,1.267838,,,,,,,,,,,,1,0,,,,,,,,,,,807,80703,8070303
7,2010,1327,8,24,3,3,2,3,0,5,2006,1277,1,1,,,4,0,301,1.267838,,,,,,,,,,,,1,0,,,,,,,0,0,,,808,80802,8080201
7,2010,1327,8,24,3,3,2,3,0,5,2010,1325,1,1,,,0,0,301,1.267838,1,1,1,1,1,1,1,0,1,1,1,,0,,,,,,,,,,,809,80902,8090201
7,2010,1327,8,24,3,3,2,3,0,2,2006,1274,2,1,,,4,0,301,1.267838,,,,,,,,,,,,1,0,,,,,,,,,,,809,80902,8090203
7,2010,1327,8,24,3,3,2,3,0,4,2008,1300,1,0,100,0,,,301,1.267838,,,,,,,,,,,,,,,,,,,,,,,,809,80902,8090202
6,2010,1326,9,4,3,3,2,3,0,12,2009,1320,1,1,,,0,0,305,1.56409,,1,1,1,0,1,1,1,1,1,1,0,0,,,,,,,,,,,901,90101,9010101
6,2010,1326,9,4,3,3,2,3,0,2,2007,1286,2,1,,,3,0,305,1.56409,,,,,,,,,,,,1,0,,,,,,,0,0,,,901,90101,9010102
6,2010,1326,9,4,3,3,2,3,0,2,2008,1298,1,1,,,2,0,305,1.56409,,,,,,,,,,,,1,1,,,,,,,0,0,,,905,90502,9050201
6,2010,1326,9,4,3,3,2,3,0,2,2009,1310,1,1,,,1,0,305,1.56409,,1,0,1,0,1,1,0,1,1,1,1,1,1,1,,,1,0,1,1,,,907,90702,9070201
6,2010,1326,9,4,3,3,2,3,0,5,2005,1265,2,1,,,5,0,305,1.56409,,,,,,,,,,,,,,,,,,,,,,,,907,90702,9070202
6,2010,1326,9,4,3,3,2,3,0,6,2009,1314,2,1,,,1,0,305,1.56409,0,1,1,1,0,0,1,0,1,1,1,0,1,1,0,1,0,,,,,0,,907,90703,9070301
6,2010,1326,9,4,3,3,2,3,0,8,2005,1268,1,1,,,4,0,305,1.56409,,,,,,,,,,,,1,0,,,,,,,,,,,909,90902,9090201
